month,total_sales
1,4.4457777576E8
2,4.153661442E8
3,4.4362824541E8
4,4.2782097434E8
5,4.4481061895E8
6,4.3170515406E8
7,4.4367051912E8
8,4.4109517702E8
9,4.3107152608E8
10,4.4136378931E8
11,4.3362336404E8
12,4.4271290835E8
